smid,楼盘名称,城区,物业类型,开发商,总套数,总面积,住宅套数,住宅面积,可售总套数,可售总面积,可售住宅套数,可售住宅面积,已售总套数,已售总面积,已售住宅套数,已售住宅面积,累积成交毛坯均价,历史开盘信息,历史开盘信息（次数）
819,白马尊邸,西湖区,"住宅,商业",浙江汇骏置业有限公司,1122,131713.93,1076,121610.53,23,5843.31,1,283.4,1092,124204.59,1075,121327.13,11184,20080072#20080127#20090134#,3
1355,保利・东湾,下沙区,住宅,浙江保利房地产开发有限公司,4112,489189.33,4074,483656.79,149,28836.3,147,28508.72,3879,448975.32,3879,448975.32,13300,20083010#20083011#20093002#20093005#20093014#20093015#20093017#20093019#20093020#20093022#20093023#20093027#20093036#20103008#20103010#20103011#20103014#20103020#20103027#20103029#20113010#,21
1528,保利・江语海,下沙区,"住宅,商业,其他",浙江保利房地产开发有限公司,1236,104597.73,1222,102402.08,309,26419.55,303,25813.18,908,75520.41,908,75520.41,15452,20103033#20103039#20103044#20113012#20113019#20113028#,6
4110,保利・湾天地,下沙区,"办公,其他",浙江保利房地产开发有限公司,1588,149753.13,0,0,366,45078.52,0,0,1211,103570.03,0,0,10288,20113016#20113022#20113030#20113036#20113037#,5
1144,保亿・风景蝶院,滨江区,商业,杭州华荣风景置业有限公司,2,275.46,0,0,2,275.46,0,0,0,0,0,0,29800,20104003#,1
2541,滨江・城市之星,江干区,住宅,杭州滨江房产集团股份有限公司,811,194416.4,486,102953.96,5,2181.18,0,0,789,189792.83,486,102953.96,38917,20090096#20100065#20100071#20100106#20110021#,5
1422,滨江・金色海岸,上城区,"住宅,其他",杭州滨江房产集团股份有限公司,469,132579.04,433,126206.44,2,163.42,0,0,433,126206.44,433,126206.44,24933,20060010#20060059#20060060#20060139#20070064#20070150#,6
571,滨江・金色家园,上城区,商业,杭州金色家园房地产开发有限公司,864,127269.29,832,118673.94,0,0,0,0,840,122043.07,832,118673.94,10525,20040095#20040105#20050034#20070046#,4
922,滨江・金色蓝庭,西湖区,"住宅,商业,办公,其他",杭州金色蓝庭房地产开发有限公司,839,97191.56,725,83449.04,0,0,0,0,832,96056.27,725,83449.04,15615,20080145#20080163#20090007#,3
509,滨江・钱塘春晓花园,滨江区,"住宅,商业",杭州滨兴房地产开发有限公司,1274,199736.16,1216,190193.13,2,396.1,1,254.62,1165,180839.11,1164,180724.7,5989,20044005#,1
555,滨江・庆春大厦,江干区,"商业,办公,其他",杭州滨江房屋建设开发有限公司,42,34627.33,0,0,0,0,0,0,10,8224.69,0,0,10869,20040065#,1
743,滨江・万家花城,拱墅区,"住宅,商业,其他",杭州万家花城房地产开发有限公司,2680,285564.13,2594,273852.4,1,88.7,0,0,2661,282026.86,2594,273852.4,10472,20070051#20070062#20070141#20080031#,4
1061,滨江・万家星城,下城区,"住宅,商业",杭州万家星城房地产开发有限公司,4196,471201.9,4003,432626.78,1203,149002.91,1078,122363.46,2939,313855.65,2914,309095.55,21418,20090128#20090138#20090144#20100044#20100047#20100062#20100068#20100076#20100101#20100107#20100108#,11
808,滨江・新城时代广场,江干区,"商业,办公,其他",杭州新城时代广场房产有限公司,1251,168375.07,0,0,5,4585.52,0,0,1170,102019.23,0,0,13087,20080059#,1
2535,滨江・阳光海岸,上城区,"住宅,办公",杭州阳光海岸房地产开发有限公司,204,83625.72,200,83352.17,0,0,0,0,200,83352.17,200,83352.17,34772,20080148#20090021#,2
777,财富金融中心,江干区,"办公,其他",浙江特福隆房地产开发有限公司,2,64146.95,0,0,0,0,0,0,1,64111.06,0,0,17960,20070152#,1
1128,长河商厦,滨江区,"商业,其他",杭州三江房地产开发有限公司,160,17835.23,0,0,39,10220.26,0,0,120,7556.19,0,0,14450,20094063#,1
694,长兴苑,滨江区,"住宅,商业,其他",杭州长中房地产开发有限公司,87,11272.19,65,8846.01,0,0,0,0,85,11161.29,65,8846.01,6109,20064017#,1
606,晨光绿苑,江干区,住宅,浙江中泰房地产开发有限公司,491,64847.5,304,43494.01,108,10991.94,13,3206.55,311,42513,270,36912.86,6967,20050042#20050043#20090050#,3
840,创佳・尚筑金座,上城区,"商业,办公,其他",浙江创佳房地产开发有限公司,335,25380.76,0,0,19,2714.31,0,0,313,16699.43,0,0,19780,20080118#,1
942,大北・四季风景苑,下沙区,"住宅,商业",杭州大北房地产开发有限公司,165,13952.66,130,8363.88,4,443.76,1,136.76,157,13004.03,129,8227.12,7492,20043002#,1
946,大都・文苑风情,下沙区,商业,杭州大都房地产开发有限公司,515,39622.49,512,37231.99,5,228.73,5,228.73,510,39393.76,507,37003.26,5531,20043001#,1
971,大家・多立方,江干区,"住宅,其他",杭州蔚城置业有限公司,1212,117868.86,1163,109898.31,161,16899.44,138,12465.72,1035,98660.61,1024,97353.13,13092,20090054#20090065#20090098#20090110#20100097#20100129#,6
654,大名空间商务大厦,上城区,"商业,办公,其他",杭州钱江铭楼房地产建设有限公司,221,45794.36,0,0,0,0,0,0,203,41144.32,0,0,8163,20060004#20070143#,2
613,大世界五金城,江干区,"商业,其他",杭州好美家房地产开发有限公司,3247,209496.78,0,0,912,54410.96,0,0,2294,146540.02,0,0,6044,20050053#20050100#20050108#20060001#20060035#20080103#20110057#,7
2543,约巍そ鹕逞艄,下沙区,"住宅,商业,其他",浙江德嘉建设有限公司,663,66822.3,635,62336.6,55,7763.69,42,5751.39,599,57309.62,591,56409.52,14786,20093025#20093034#,2
838,德泰・御峰大厦,拱墅区,"商业,办公",杭州德泰置业有限公司,429,17417.13,0,0,0,0,0,0,429,17417.13,0,0,12288,20080113#,1
2580,德信・泊林印象,江干区,住宅,浙江德润置业有限公司,1060,121194.26,983,113085.71,605,77009.1,581,73029.04,435,41761.55,392,38968.69,21038,20100130#20110001#20110019#20110035#20110074#,5
825,德信・金泊林公寓,江干区,住宅,浙江德信广源置业有限公司,834,80345.66,757,72185.52,0,0,0,0,823,79312.85,757,72185.52,11670,20080082#20090006#20090016#20090051#,4
2548,德信・早城,下沙区,"住宅,商业",浙江德信金沙置业有限公司,1030,101015.22,973,94222.62,52,6299.73,52,6299.73,958,91890.96,915,87333.5,16128,20093032#20093037#20103006#20103007#20103019#20113009#,6
4310,德信・臻园,拱墅区,住宅,浙江德信汇运置业有限公司,156,24325.06,156,24325.06,133,20744.41,133,20744.41,20,3173.65,20,3173.65,21799,20110037#,1
811,迪凯国际中心,江干区,"商业,办公,其他",浙江迪凯房地产有限公司,133,78594.18,0,0,3,977.26,0,0,126,52583.83,0,0,15985,20080066#,1
621,迪尚商务中心,拱墅区,"商业,办公,其他",浙江城建房地产集团有限公司,70,35114.22,0,0,0,0,0,0,45,23469.42,0,0,14225,20050062#,1
4700,丁桥・兰苑,江干区,商业,杭州越峰房产开发有限公司,140,9039.53,0,0,0,0,0,0,134,8509.92,0,0,11442,20100050#,1
1207,丁桥・颐景园,江干区,住宅,杭州颐盛房地产有限公司,896,81893.08,848,75758,161,17645.84,137,14574.05,721,62522.25,710,61042.09,13226,20100045#20100075#20100091#20100132#,4
546,东方金座,上城区,"商业,办公",杭州轻都实业有限公司,710,49274.17,0,0,0,0,0,0,686,45329.46,0,0,16967,20040028#20070106#,2
972,东方丽都花苑,江干区,住宅,杭州恒大房地产开发有限公司,330,45871.54,303,32296.25,1,250.66,0,0,311,34367.13,301,32121.84,15645,20090053#,1
2549,东海・柠檬郡,下沙区,"住宅,商业,其他",东海地产股份有限公司,502,53619.19,494,52347.03,131,15052.05,131,15052.05,361,37062.87,361,37062.87,15960,20093033#20093035#20103009#,3
4550,东和时代大厦,滨江区,"商业,办公,其他",杭州卓冠置业有限公司,433,46182.64,0,0,337,27012.7,0,0,93,5145.12,0,0,20053,20114004#,1
732,东坡文物大楼,上城区,"商业,办公",杭州东坡房地产开发有限公司,39,8440.32,0,0,0,0,0,0,15,1642.46,0,0,54748,20070016#,1
2558,东润枫华,江干区,住宅,杭州润丰房产有限公司,544,66896.12,537,66117.96,147,20353.4,146,20295.25,385,45064.55,385,45064.55,27445,20100034#20100088#20110069#,3
1411,东新园,下城区,商业,杭州东河建设开发公司,29,9174.02,0,0,1,632.74,0,0,26,7904.48,0,0,8793,20050055#20080036#,2
899,东源・多蓝水岸,下沙区,商业,杭州东源房地产有限公司,3187,426267.23,2886,390833.92,19,2717.5,19,2717.5,2979,400690.56,2852,386015.7,4966,20063004#20063005#20063006#20063007#20093016#,5
528,都城・东河春晓,下城区,"住宅,商业,其他",杭州都城房地产开发有限公司,113,18847.88,92,14320.22,7,1617.73,2,227.52,103,17023.61,90,14092.7,11309,20040042#,1
710,发展・今日嘉园,西湖区,住宅,杭州嘉园置业有限公司,385,36532.95,365,33683.41,0,0,0,0,374,35853.47,365,33683.41,17274,20060125#20060126#20060127#20070042#,4
2583,泛海国际中心,江干区,"商业,办公,其他",浙江泛海建设投资有限公司,138,70966.63,0,0,93,34889.7,0,0,20,7467.1,0,0,31989,20100135#,1
674,方易・西鉴枫景,西湖区,商业,浙江大学科技园方易建设发展有限公司,472,61551.88,425,56107.6,22,3469.52,12,2017.41,428,55593.65,410,53597.5,12964,20060033#20070116#20080026#20080056#,4
2576,方易・筑品金座,西湖区,"商业,办公,其他",浙江大学科技园方易建设发展有限公司,135,9081.73,0,0,76,5774.84,0,0,58,3301.42,0,0,23315,20100111#,1
2546,方正・360空间,拱墅区,"商业,办公,其他",杭州大运房地产开发有限公司,352,26881.47,0,0,81,7742.21,0,0,265,18762.41,0,0,17298,20090130#,1
712,方正・信步闲庭,拱墅区,住宅,浙江方正房地产开发有限公司,405,55111.46,363,45339.35,14,2109.87,13,1879.32,376,49936.93,349,43335.26,8625,20060135#20060156#20070052#20070088#,4
610,风雅钱塘世纪花园,滨江区,其他,杭州工信房地产开发有限公司,2223,341946.55,2051,296709.12,0,0,0,0,2135,321246.15,2051,296709.12,7560,20054020#20054022#20054023#20064008#20064013#20064019#20064025#20074003#20074018#20084011#,10
687,凤凰城,上城区,"商业,办公,其他",浙江凤凰城房地产开发有限公司,1010,104543.37,0,0,0,0,0,0,1004,103953.54,0,0,9782,20060049#20060120#20070014#20090079#,4
2517,福雷德广场,下沙区,商业,福雷德(杭州)置业发展有限公司,676,78652.46,642,75351.17,13,3179.68,13,3179.68,634,71547.28,604,68662.24,7185,20053002#20073015#,2
876,富越・香墅,西湖区,住宅,杭州富越房地产有限公司,230,35737.54,223,35395.55,5,1101.47,5,1101.47,218,34294.08,218,34294.08,29809,20080172#20090074#20090075#20090099#,4
784,公元・沐桥公寓,之江区,住宅,杭州通原房地产开发有限公司,550,85861.07,542,84730.72,122,27290.23,122,27290.23,420,57440.49,420,57440.49,24317,20085001#20095004#20095007#,3
590,拱宸新苑,拱墅区,"住宅,商业",杭州宏大房地产开发有限公司,297,31763.43,276,29711.19,0,0,0,0,290,31220.24,275,29597.1,8044,20050019#,1
652,观邸国际寓所,滨江区,"住宅,其他",浙江和创置业有限公司,815,111274.2,806,106448.37,0,0,0,0,806,106448.37,806,106448.37,8415,20064001#20084019#,2
2557,冠宇・隽园,江干区,"住宅,其他",浙江冠宇置业有限公司,925,90336.66,849,85133.53,216,25752.3,215,25707.98,692,62398.52,622,58275.3,12832,20100025#20100090#20100137#,3
630,广景苑,江干区,"住宅,商业",杭州广景房地产开发有限公司,308,34756.46,246,30584.8,14,842.6,1,88.47,277,32866.25,244,30440,10452,20050074#20050102#20050103#,3
603,广利大厦,下城区,办公,浙江省广利房产开发有限公司,254,50822.21,0,0,10,3455.99,0,0,162,32560.46,0,0,17568,20040032#,1
534,广利佳苑,江干区,住宅,浙江省广利房产开发有限公司,250,27887.81,245,27514.61,1,45.2,0,0,245,27514.61,245,27514.61,8221,20040046#,1
597,广厦・绿洲花园,下城区,"商业,办公",杭州绿洲房地产开发有限公司,467,62083.13,400,53910.03,0,0,0,0,409,54230.83,355,47393.06,12904,20050005#20050026#20070019#20070036#,4
642,广厦・水岸城市花园,上城区,住宅,广厦房地产开发集团有限公司,701,103276.62,664,85137.87,13,1374.86,11,1268.2,503,70520.22,490,65431.71,17785,20050084#20060066#20060091#20060111#20070023#20070078#20070086#20080055#,8
1339,广宇・上东城,江干区,"住宅,商业",杭州广宇紫丁香房地产开发有限公司,3294,319989.71,3036,292301.47,543,58832.06,435,47748.99,2703,255418.03,2591,243565.02,11838,20080140#20090003#20090015#20090027#20100002#20100006#20100012#20100033#20100035#20100072#20100074#20100082#,12
958,广宇・西城美墅,西湖区,"住宅,商业,其他",杭州南泉房地产开发有限公司,721,74815.2,696,72702.97,22,2181.32,11,1362.85,697,72413.99,685,71340.12,12228,20080143#20080171#20090035#20090041#,4
1225,广宇・西城年华,西湖区,"住宅,商业,其他",广宇集团股份有限公司,1858,234591.83,1722,219084.68,6,1135.35,4,839.43,1633,210029.39,1523,197507.82,10319,20050032#20050090#20060023#20060080#20060098#20060116#20060140#20070048#20070066#20070067#,10
648,国都・枫华府第,西湖区,"住宅,其他",浙江国都学院新城置业有限公司,1484,197737.27,1392,179468.83,2,353.26,2,353.26,1449,194709.42,1390,179115.57,16961,20050073#20050083#20060024#20060027#20060039#20060055#20060061#,7
865,国信・翰林花园,上城区,"商业,其他",浙江省浙信房地产有限公司,6,404.15,0,0,5,345.21,0,0,1,58.94,0,0,28128,20080155#,1
1191,海辰・水岸晶座,下城区,"商业,其他",杭州辰宇置业有限公司,281,23538.96,0,0,146,10999.5,0,0,122,6532.61,0,0,14637,20100026#,1
2534,海华・宝善公寓,下城区,"住宅,其他",杭州海华房地产开发有限公司,216,17731.98,196,14774.71,0,0,0,0,64,7119.78,57,5490.96,21244,20080139#,1
2575,海运国际,上城区,"商业,办公,其他",浙江省钱江船舶有限公司,510,87939.96,0,0,505,62761.81,0,0,0,0,0,0,20622,20100110#,1
2578,汉峰・峰公馆,滨江区,"商业,办公,其他",杭州峰明置业有限公司,506,31144.84,0,0,169,11266.86,0,0,334,19741.63,0,0,24990,20104015#,1
1373,汉嘉国际大厦,江干区,"商业,办公,其他",浙江迪尚投资有限公司,66,60483.94,0,0,25,15743.83,0,0,16,11253.89,0,0,33381,20100095#,1
4696,翰墨香林苑,西湖区,"商业,其他",浙江小和山高教园区建设发展有限公司,73,25842.65,0,0,22,9553.8,0,0,33,9069.75,0,0,8665,20080142#,1
4674,杭房・江南豪园,滨江区,住宅,杭州市房地产开发集团有限公司,1490,236150.92,1478,235396.99,17,2988,11,2637.72,1466,232059.64,1462,231822.61,7010,20044024#20064007#20064024#20114003#,4
1206,杭房・江南铭庭,滨江区,"住宅,商业,其他",杭州中南豪情置业有限公司,667,66591.61,626,60655.47,376,40633.7,353,35991.47,270,24348.77,270,24348.77,15471,20104008#20114012#,2
855,杭房・江南文苑,滨江区,住宅,杭州兆祥房地产有限公司,1188,122590.49,1132,111211.89,43,9676.6,10,1321.36,1130,110928.63,1122,109890.53,11242,20084032#20094020#20094034#20094050#20104001#,5
941,杭房・江南星座,滨江区,"商业,办公,其他",杭州市房地产开发集团有限公司,214,21299.45,0,0,0,0,0,0,208,20858.12,0,0,9711,20094006#,1
636,杭房・仙林福座,下城区,商业,杭州市房地产开发集团有限公司,207,11190.41,0,0,6,220.49,0,0,190,10020.06,0,0,17427,20050086#20060122#,2
2564,杭州东部国际商务中心,下沙区,"商业,办公,其他",杭州万国投资管理有限公司,647,63840.94,1,230.39,225,35849.44,0,0,412,26554.52,0,0,18058,20103023#20113038#,2
498,杭州临江花园,滨江区,住宅,杭州临江花园房地产开发有限公司,169,24638.56,169,24638.56,0,0,0,0,169,24638.56,169,24638.56,4892,20044001#,1
628,杭州湾・文菁花苑,西湖区,"住宅,办公",杭州杭州湾房地产开发有限公司,92,11080.35,82,10378.67,3,260.99,0,0,84,10599.27,82,10378.67,10285,20050070#,1
2521,杭州阳明谷,之江区,其他,杭州国信名盛置业有限公司,204,60610.11,129,43338.79,3,946.54,2,693.62,101,27202.79,35,12206.72,35999,20075003#20095006#,2
507,航宇・美政花苑,上城区,住宅,浙江航宇房地产开发有限责任公司,141,21485.65,117,19295.28,14,862.31,0,0,120,20288.27,117,19295.28,7426,20040011#,1
2566,和达・自由港,下沙区,"商业,办公,其他",杭州万维投资有限公司,381,19347.08,0,0,4,345.72,0,0,375,18785.13,0,0,8419,20103025#,1
1406,和达城,下沙区,"住宅,商业,其他",杭州万豪房地产开发有限公司,410,38532.88,388,37134.58,144,12841.3,129,11944.35,259,25190.23,259,25190.23,14319,20103037#20103043#20113011#20113021#,4
2830,和润园,西湖区,"住宅,商业,办公,其他",杭州钱塘经济开发有限公司,79,9399.36,60,5534.4,60,5133.21,52,4612.68,9,924.4,6,791.43,26133,20110029#,1
983,和顺・风尚蓝湾,滨江区,办公,浙江和顺房地产开发有限公司,697,51388.66,0,0,10,1036.09,0,0,681,39575.93,0,0,10517,20094024#,1
513,贺田・尚城,滨江区,住宅,杭州钱江城发展有限公司,1476,194674.45,1385,173951.78,98,19025.59,85,12603.93,1299,161219.62,1299,161219.62,10480,20044007#20044014#20044020#20044026#20054004#20054005#20074012#20074019#20074020#20074023#20094014#20094039#20094042#20094051#20104005#,15
1454,红杉雅园,拱墅区,"商业,办公,其他",杭州安达置业有限公司,208,12072.56,0,0,61,2882.87,0,0,140,6453.56,0,0,17443,20100118#,1
889,红石・中央花苑,拱墅区,"商业,办公",浙江红石房地产开发有限公司,622,89505.3,528,66981.95,16,4547.63,3,380.51,582,79926.82,518,65689.91,8602,20040009#20040017#20040082#,3
820,宏程国际大厦,江干区,"商业,办公,其他",杭州日出钱塘置业有限公司,47,69469.23,0,0,0,0,0,0,17,12864.73,0,0,14614,20080074#,1
733,候潮公寓,上城区,"住宅,商业",杭州复兴房地产开发有限公司,27,2783.19,15,1876.43,0,0,0,0,26,2732.89,15,1876.43,7896,20070017#,1
573,湖墅嘉园,拱墅区,商业,杭州华绫房地产开发有限公司,356,39765.53,302,32648.04,0,0,0,0,338,38334.21,295,31919.01,9270,20040104#20060005#,2
810,华成・国际发展大厦,江干区,"商业,办公",浙江华成投资开发有限公司,90,59806.69,0,0,11,12964.22,0,0,38,15826.27,0,0,17527,20080064#,1
711,华都・兰庭公寓,西湖区,"住宅,商业,其他",浙江华都房地产开发有限公司,504,75836.56,444,59018.61,3,237.86,1,127.89,479,73160.46,439,58504.75,15938,20060130#20060144#20070108#20080084#,4
569,华府・祥和人家,下城区,商业,浙江华府房地产开发有限公司,785,92495.4,659,82392.05,0,0,0,0,763,90103.36,659,82392.05,6670,20040092#20040098#20050024#20080065#,4
2579,华富金座,下城区,"办公,其他",杭州宝仕隆房地产开发有限公司,118,42432.02,0,0,86,23843.23,0,0,27,5561.7,0,0,17674,20100128#,1
804,华鸿・汇盛德堡公寓,江干区,"住宅,商业,办公,其他",杭州华鸿怡美房地产开发有限公司,569,54165.62,545,52382.51,8,920.58,4,405.98,549,52478.9,541,51976.53,9375,20080050#,1
2561,华鸿・罗兰春天,江干区,住宅,杭州华鸿怡美房地产开发有限公司,665,57844.97,654,56827.42,190,16457.75,186,16091.7,465,40568.23,465,40568.23,16285,20100041#20100078#,2
1145,华立・瑞晶国际商务中心,江干区,"商业,办公,其他",杭州合盛置业有限公司,183,66220.13,0,0,37,11186.81,0,0,98,29623.81,0,0,23726,20100004#,1
2550,华联・UDC时代大厦,江干区,"商业,办公,其他",杭州华联置业有限公司,301,117791.85,0,0,112,34174.48,0,0,148,43087.72,0,0,27900,20090150#,1
805,华联・星光国际广场,滨江区,"商业,其他",浙江华联杭州湾创业有限公司,891,67915.1,0,0,97,6252.68,0,0,702,42409.14,0,0,17231,20084010#20094037#,2
547,华龙・碧水豪园,滨江区,住宅,浙江华龙房地产开发有限公司,101,19289.55,96,15967.36,0,0,0,0,101,19289.55,96,15967.36,6191,20044017#,1
585,华龙・商务大厦,拱墅区,商业,浙江华龙房地产开发有限公司,183,18012.91,0,0,3,489.64,0,0,170,16458.3,0,0,9912,20050012#20070061#,2
2559,华润・翠庭,下城区,"住宅,商业,其他",杭州国润房地产有限公司,337,32485.46,286,28822.69,38,4809.34,33,4297.79,287,26846.67,253,24524.9,15248,20100036#,1
723,华润・西子大厦,下城区,"商业,其他",杭州红太阳房地产开发有限公司,440,22263.32,0,0,1,32.88,0,0,425,21543.26,0,0,21812,20060068#,1
736,华业・南岸晶都,滨江区,"住宅,商业,其他",杭州华业房地产开发有限公司,1771,235630.89,1543,198907.75,153,25621.06,23,4886.1,1521,194142.72,1517,193620.22,6865,20054013#20054032#20054033#20054038#20064002#20064026#20074004#20074011#20074014#20074015#20084020#20084028#,12
768,华元・芳满庭,拱墅区,住宅,杭州星河置业有限公司,751,71357.26,706,64943.49,0,0,0,0,745,70415.24,706,64943.49,12978,20070125#,1
944,华元・和庄,西湖区,住宅,杭州云泽置业有限公司,389,40017.06,389,40017.06,5,2364.92,5,2364.92,384,37652.14,384,37652.14,22674,20090020#20090024#,2
1529,华元・邻里人家,江干区,商业,杭州华元房地产集团有限公司,255,17482.1,0,0,22,2788.77,0,0,204,12714.68,0,0,17040,20100119#20100120#,2
2552,华元・领骏世界,下城区,办公,杭州凯威房地产开发有限公司,935,65889.4,0,0,255,14013.43,0,0,657,32741.64,0,0,25412,20100013#,1
619,华元・梦琴湾,下沙区,"住宅,其他",杭州华元房地产集团有限公司,1885,250181.52,1811,231349.72,3,1178.84,0,0,1856,243192.96,1810,231023.25,5263,20053004#20053005#20053006#20053008#20053011#20063016#,6
582,华元・十六街区商城,下沙区,"商业,其他",杭州华元房地产集团有限公司,746,59260.16,0,0,1,63.82,0,0,733,47145.55,0,0,5402,20053001#20083003#,2
2563,华元・天鹅堡,西湖区,"办公,其他",杭州云泽置业有限公司,443,52919.16,0,0,353,25337.6,0,0,84,5821.23,0,0,25935,20100049#,1
824,汇隆・风林公寓,江干区,住宅,浙江汇隆房地产开发有限责任公司,486,55848.26,466,51605.46,0,0,0,0,478,54953.02,466,51605.46,10205,20080081#20080166#,2
1489,汇鑫・星汇荣邸,滨江区,"住宅,商业,其他",浙江汇鑫控股集团有限公司,474,45582.26,456,44273.28,40,3431.69,33,3025.68,424,41285.05,423,41247.6,12311,20094064#20104014#,2
2581,积・家,滨江区,"住宅,其他",杭州鸿汇置业有限公司,965,56962.98,310,28654.13,546,27057.37,56,6682.09,412,28916.29,254,21972.04,21367,20104019#20114001#20114013#,3
800,佳苑・紫金港湾,西湖区,"住宅,商业",杭州佳苑房地产开发有限公司,286,34567.11,247,27935.89,0,0,0,0,280,34074.3,247,27935.89,10371,20080044#,1
2537,嘉里・桦枫居,下城区,"住宅,其他",嘉里桦枫房地产开发(杭州)有限公司,1403,150407.37,1345,141058.9,475,53938.22,437,46872.45,881,91418.45,881,91418.45,12144,20080165#20080174#20090026#20090064#20100089#20110059#,6
793,嘉绿景苑东园,西湖区,商业,杭州市居住区发展中心有限公司,80,12056.18,0,0,0,0,0,0,80,12056.18,0,0,14732,20080028#,1
903,嘉泰・馨庭,拱墅区,"住宅,商业,办公,其他",浙江嘉泰置业有限公司,800,93197.29,758,79294.74,0,0,0,0,787,81757.04,758,79294.74,11808,20070024#20070034#20070050#20070065#20080007#20090028#,6
719,嘉业・海华花园,下城区,"办公,其他",杭州海华房地产开发有限公司,62,20115.67,0,0,0,0,0,0,60,20050.61,0,0,13312,20060145#,1
795,金钗袋巷小区,上城区,"商业,办公,其他",杭州金达房地产开发有限公司,33,3268.56,6,759.04,0,0,0,0,21,1964.11,6,759.04,8500,20080033#,1
1126,金潮・铂金时代,滨江区,住宅,杭州金潮房地产开发有限公司,785,107250.28,754,99445.81,9,4617.92,1,142.07,764,101476.26,753,99303.74,11622,20074021#20074024#20094015#,3
3059,金地・自在城,西湖区,住宅,杭州金地中天房地产发展有限公司,2457,257452.01,2358,241882.51,99,16769.59,28,4971.2,2310,235263.34,2310,235263.34,20036,20090052#20090069#20090070#20090115#20090129#20090142#20100014#20100039#20100057#20100067#20100113#,11
2525,金都・城市芯宇,西湖区,"住宅,商业,办公,其他",杭州启德置业有限公司,1253,200649.01,1120,141603.08,187,18033.37,91,5075.65,1028,136696.41,1025,135977.1,28112,20080010#20080047#20080153#20100030#,4
2554,金都・高尔夫艺墅,之江区,住宅,浙江金盈置业有限公司,514,86752.86,514,86752.86,365,57297.95,365,57297.95,148,28862.14,148,28862.14,25885,20105005#20115003#,2
893,金都・华府花园,上城区,"住宅,其他",金都房产集团杭州置业有限公司,988,139313.59,956,136948.1,0,0,0,0,956,136884.61,955,136811.4,12687,20040088#20050014#20050022#20050044#20050072#20050115#20060073#20080012#,8
1227,金海・香滨湾,江干区,"住宅,其他",杭州金海置业有限公司,766,96794.22,721,89524.25,54,10279.81,38,6223.61,689,84951.66,683,83300.64,9139,20060042#20060047#20060057#20070081#20070082#20070083#20080048#20080049#,8
706,金基・晓庐,江干区,"住宅,其他",杭州金基房地产开发有限公司,1696,234470.25,1687,231022.26,0,0,0,0,1687,231022.26,1687,231022.26,16475,20060109#20060151#20070111#20070128#20080027#,5
779,金瑞・风景大院,拱墅区,"住宅,商业,其他",杭州瑞都房地产开发有限公司,745,75579.48,693,71763.2,0,0,0,0,726,73887.63,693,71763.2,13876,20080003#20090008#20090023#20090104#,4
994,金盛・曼城,滨江区,"住宅,其他",杭州金盛置业有限公司,991,106135.41,924,87943.19,2,393.07,0,0,971,98617.61,924,87943.19,10740,20094025#20094029#20094030#20094033#20094047#20094054#20094061#,7
812,金盛・浦沿公寓,滨江区,"住宅,商业,其他",杭州金盛置业有限公司,79,9907.92,59,6677.7,1,193.61,0,0,71,9565.39,59,6677.7,8650,20084015#,1
588,金狮苑,上城区,商业,杭州金达房地产开发有限公司,96,11685.15,75,9798.63,2,120.45,0,0,86,10879.12,71,9357.44,10147,20050017#20050114#,2
570,金泰・蓝色霞湾,拱墅区,"住宅,商业,其他",浙江金泰房地产公司,444,54683.11,398,46125.92,0,0,0,0,432,53588.01,398,46125.92,9207,20040063#,1
1388,金隅・观澜时代,下沙区,住宅,金隅（杭州）房地产开发有限公司,3051,386669.04,2999,381338.06,1073,168725.84,1041,165826.13,1942,211970.52,1942,211970.52,12363,20093006#20093007#20093008#20093010#20093018#20093024#20103004#20103021#20103022#20103028#20103031#20113003#20113008#20113018#20113020#20113027#20113033#,17
892,锦昌文华苑,拱墅区,商业,浙江城建房地产集团有限公司,1539,180756.1,1345,166225.59,0,0,0,0,1500,176861.19,1342,165888.68,9257,20040038#20040055#20040078#20050031#20050064#20050098#20060014#20060083#20060143#20070025#20070126#,11
593,锦绣天地・杭州国际商务中心,下城区,"商业,办公,其他",杭州锦绣天地房地产开发有限公司,709,61987.52,0,0,2,248.2,0,0,329,25095.64,0,0,36834,20040041#,1
1223,景江城市花园,上城区,"商业,办公",浙江滨江建设有限公司,2264,178628.61,203,36764.72,14,2180.76,11,1997.26,1069,78135.44,157,28551.43,12690,20050011#20050041#20080115#20090089#,4
1121,景江苑,滨江区,"商业,其他",杭州江南开元房地产开发有限公司,156,32651.46,142,24481.92,0,0,0,0,154,31234.4,142,24481.92,7516,20044009#20054024#,2
651,景园・香槟之约,拱墅区,"商业,办公,其他",杭州景园房地产开发有限公司,152,20096.92,0,0,0,0,0,0,147,19756.92,0,0,9653,20050120#,1
859,景园・香槟之约,拱墅区,"住宅,其他",杭州景园房地产开发有限公司,455,21812.73,50,2336.94,0,0,0,0,98,4770.96,0,0,6897,20080147#,1
2574,君尚金座,滨江区,"商业,办公,其他",杭州华图置业有限公司,555,44421.91,0,0,250,15736.65,0,0,299,17580.8,0,0,28971,20104012#,1
1563,郡原・九润公寓,江干区,住宅,浙江华浙青马房地产开发有限公司,317,30673.89,307,29509.38,228,22229.53,219,21133.31,86,8199.93,86,8199.93,17615,20110006#20110045#,2
673,郡原・九树公寓,之江区,住宅,杭州五云投资有限公司,67,23530.11,60,23212.57,1,420.65,1,420.65,57,22060.58,57,22060.58,33277,20065001#20065004#,2
1596,郡原・相江公寓,江干区,"住宅,商业,其他",杭州天名房地产有限公司,1256,116392.41,1239,113404.09,763,70593.27,760,70017,477,43211.91,477,43211.91,18528,20100042#20110010#20110064#,3
2588,凯德・龙湾,拱墅区,住宅,凯德新运（杭州）房地产开发有限公司,84,17251.3,84,17251.3,72,14746.78,72,14746.78,12,2504.52,12,2504.52,25573,20110022#,1
1232,凯德・视界轩,拱墅区,住宅,凯德新运（杭州）房地产开发有限公司,606,52949.41,580,47773.29,2,546.4,0,0,600,51704.97,580,47773.29,15315,20080006#20100052#,2
898,凯恩・西湖金座,上城区,"商业,办公,其他",杭州紫晶房地产开发有限公司,382,21615.11,0,0,23,2735.49,0,0,335,16619.84,0,0,19907,20050113#20080176#,2
850,凯喜雅・锦都世家,上城区,"住宅,其他",杭州凯喜雅置业发展有限公司,521,46943.75,261,31008.02,0,0,0,0,514,45067.07,261,31008.02,16185,20080131#,1
738,凯喜雅大厦,下城区,"商业,办公,其他",浙江凯喜雅房地产开发有限公司,87,27045.68,0,0,41,14618.18,0,0,44,12329.53,0,0,14806,20070041#,1
1042,康都・紫轩,上城区,"住宅,商业",浙江复兴投资有限公司,335,43428.9,319,41866.92,18,2268.49,9,1332.35,305,39854.17,305,39854.17,22100,20090119#20090125#,2
1101,康恒・悦麒美寓,江干区,"住宅,其他",浙江石英房地产开发有限公司,573,56885.31,556,55806,106,10754.31,101,10442.9,451,44925.24,451,44925.24,20228,20090139#20090148#20110028#,3
1549,坤和・和家园,西湖区,"住宅,商业,其他",杭州振兴置业投资有限公司,2354,345939.17,2235,324619.68,449,60993.14,427,58163.49,1870,269527.03,1806,265989.86,20831,20070135#20080023#20080133#20090029#20090055#20090058#20090080#20090085#20090092#20090094#20090127#20100028#20100092#20100138#20110053#,15
758,坤和・亲亲家园,拱墅区,住宅,坤和建设集团有限公司,1137,112114.3,1084,108247.91,0,0,0,0,1128,110921.88,1084,108247.91,7324,20070007#20070020#20070021#20070028#20070054#20070071#20070085#,7
580,坤和・山水人家彩云天,西湖区,商业,坤和建设集团有限公司,3,2125.22,0,0,0,0,0,0,0,0,0,0,0,20040094#,1
1387,坤和・西溪里,西湖区,住宅,坤和建设集团股份有限公司,1436,204953.83,1380,199243.4,60,12690.91,60,12690.91,1353,188217.93,1316,185844.27,19010,20080083#20080134#20090043#20090048#20090091#20100023#20100024#20100058#20100059#20100100#,10
698,昆仑・红苹果家园,江干区,住宅,浙江旅游东城房地产开发有限公司,1388,167106.72,1352,158457.99,42,8482.47,17,1850.19,1269,149614.75,1269,149614.75,8223,20060094#20060110#20060128#20070006#20070010#20070030#20070055#20070060#20070094#20070095#20070127#,11
514,昆仑・绿洲之馨,下城区,"住宅,商业,办公,其他",浙江昆仑置业集团有限公司,87,10328.4,62,8080.89,4,291.63,1,207.38,67,8157.97,61,7873.51,9319,20040027#20080144#,2
2514,昆仑・水印城,滨江区,商业,杭州旅游之都房地产开发有限公司,1649,212455.82,1586,205106.51,8,464.93,0,0,1579,203374.26,1559,201486.55,9289,20044025#20054003#20054006#20054035#20074001#20074013#20074017#20084003#20084008#,9
787,昆仑・橡树园,拱墅区,住宅,浙江旅游西城房地产开发有限公司,628,72426.5,581,61643.75,17,3147.62,7,892.42,605,68462,574,60751.33,18015,20080018#20080149#20090025#20090036#,4
1496,昆仑公馆,拱墅区,住宅,杭州昆仑之都房地产开发有限公司,692,107509.08,688,106803.42,398,56564.18,398,56564.18,286,48644.99,286,48644.99,35248,20100003#20100056#20100127#,3
3071,蓝顿・浙商财富中心,西湖区,"商业,办公",浙江蓝顿置业发展有限公司,245,74823.03,0,0,34,14545.78,0,0,36,9276.51,0,0,32171,20110031#20110040#,2
4689,蓝天城市花园,江干区,"商业,办公,其他",浙江万嘉房地产开发有限公司,39,1980.13,0,0,9,370.96,0,0,10,768.35,0,0,10884,20070033#,1
2526,朗诗・国际街区,下沙区,住宅,杭州朗诗置业有限公司,1718,178527.16,1684,174952.89,4,391.12,2,256.59,1690,176002.82,1682,174696.3,11672,20083001#20083007#20083015#20093009#20093026#20103017#,6
1228,理想・伊萨卡国际城,下沙区,住宅,杭州理想置业有限公司,3249,400662.58,3129,385216.36,41,7052.93,34,6428.53,3168,386176.2,3087,377258.77,6984,20063008#20063011#20063015#20063017#20063018#20073001#20073008#20083004#20083012#20093013#20093031#,11
877,丽阳苑,西湖区,"住宅,商业",杭州丽阳房地产开发有限公司,244,27484.51,226,24921.43,13,2253.18,2,212.88,224,24708.55,224,24708.55,10170,20080175#,1
1220,利兹・水印康庭,下城区,商业,浙江利兹房地产开发有限公司,1877,169566.44,1338,137885.19,0,0,0,0,1795,163597.08,1317,135866.56,8004,20040037#20040056#20040096#20050001#20050008#20050023#20050030#20050117#20060008#20070072#20070100#20070109#20080034#20080035#20100038#,15
995,联合・格里,江干区,住宅,杭州新联置业有限公司,753,69232.36,707,64920.45,31,3531.93,10,1153.81,688,62971.58,688,62971.58,11388,20090095#20090103#20090116#20090122#20100010#,5
2533,联合・麦田,江干区,"商业,办公,其他",杭州市房地产联合开发总公司,266,20607.54,0,0,21,4366.99,0,0,241,9995.99,0,0,11636,20080130#,1
641,联合・世纪新筑,拱墅区,"住宅,其他",杭州新筑置业有限公司,935,99621.3,867,94458.43,5,770.54,2,382.28,897,95901.86,865,94076.15,9196,20050105#20060015#20060038#20060114#20070049#20080107#,6
878,联庄・江涛阁,滨江区,"住宅,商业,其他",杭州联庄实业投资有限公司,288,37447.99,264,32181.23,0,0,0,0,280,36962.94,264,32181.23,8862,20084038#,1
564,六合・天寓,滨江区,"住宅,商业",杭州六合房地产开发有限公司,1380,199903.79,1340,190872.61,43,11375.46,15,3754.06,1249,173629.17,1241,172671.83,8419,20044021#20044022#20054010#20054011#20064010#20084009#,6
3510,龙湖・滟澜山,下沙区,住宅,杭州龙湖房地产开发有限公司,1729,171700.15,1691,165505.25,1021,92794.95,1000,88405.39,683,75864.62,679,75160.14,20951,20103038#20103042#20113001#20113004#20113013#20113017#20113026#,7
577,龙生・南肖埠庆春苑,江干区,住宅,浙江龙生房地产开发集团有限公司,90,11659.19,90,11659.19,0,0,0,0,84,10617.63,84,10617.63,9590,20040108#,1
773,龙生・钱塘名都,上城区,住宅,浙江凯达房地产开发有限公司,262,38958.37,240,34785.8,1,162.62,1,162.62,230,33565.64,230,33565.64,11424,20050002#20070138#,2
618,龙禧・硅谷广场,滨江区,其他,浙江龙禧投资集团有限公司,385,28217.31,0,0,1,77.14,0,0,353,25051.06,0,0,9677,20054026#,1
1024,楼厦・新帝朗庭,滨江区,"商业,办公,其他",浙江楼厦实业有限公司,198,18207.92,0,0,12,1043.67,0,0,181,16946.22,0,0,7176,20094048#,1
622,绿城・百合公寓,江干区,"住宅,商业,其他",杭州华宇房地产开发有限公司,83,9665.95,68,8614.4,0,0,0,0,80,9556.83,68,8614.4,8239,20050063#,1
2590,绿城・兰园,下城区,"住宅,其他",杭州绿城锦玉置业有限公司,267,50723.29,266,50696.37,172,32316.24,172,32316.24,91,17761.03,91,17761.03,47640,20110025#20110038#,2
1399,绿城・蓝色钱江,上城区,住宅,杭州绿城海企房地产开发有限公司,1326,232926.97,977,199049.94,186,40302.9,75,30448.82,1106,184979.39,894,165372.86,40916,20090046#20100009#20100029#20100037#20100103#20110024#,6
2527,绿城・丽江公寓,江干区,"住宅,商业,其他",浙江嘉和实业有限公司,2148,253369.42,1974,239633.49,105,26400.42,87,23246.76,1972,220971.2,1878,214946.62,19149,20080030#20080051#20080123#20080159#20090097#20090136#20100020#20110077#,8
765,绿城・留庄,西湖区,住宅,浙江发展绿城房地产开发有限公司,368,58400.6,121,41618.64,3,642.03,1,300.87,334,53643.89,120,41317.77,30451,20070117#20080057#,2
2572,绿城・明月江南,滨江区,住宅,杭州绿城中胜置业有限公司,869,122946.19,842,119760.69,262,42032.22,262,42032.22,580,77728.47,580,77728.47,29975,20104011#20104018#20114002#20114007#,4
797,绿城・蔚蓝公寓,江干区,"住宅,办公",杭州绿城东部建设有限公司,412,44003.18,384,39082.38,0,0,0,0,403,43215.38,384,39082.38,26737,20080038#,1
3180,绿城・西溪诚园,西湖区,住宅,浙江报业绿城房地产开发有限公司,1377,155138.4,1354,150749.65,426,44269.18,426,44269.18,917,105182.71,917,105182.71,29266,20090131#20110032#20110039#,3
764,绿城・新绿园公寓,上城区,其他,杭州钱新绿城房地产开发有限公司,657,82588.46,614,78652.83,5,368.28,2,176.5,620,79652.07,612,78476.33,25977,20070114#20070119#20070120#20080105#,4
828,绿城・玉兰公寓,江干区,住宅,杭州绿城东部建设有限公司,400,43388.4,378,38543.44,1,217.77,0,0,393,42389.23,378,38543.44,16637,20080089#,1
4551,绿城・云栖玫瑰园,之江区,住宅,杭州金马房地产有限公司,50,22110.71,50,22110.71,45,20127.99,45,20127.99,5,1982.72,5,1982.72,47879,20115002#20115004#,2
1100,绿城西子・海棠公寓,江干区,"住宅,商业,其他",杭州新绿西置业有限公司,710,72560.69,663,67744.62,18,2096.11,7,720.57,676,68395.13,654,66776.51,16864,20090137#,1
1025,绿城西子・锦兰公寓,拱墅区,"住宅,其他",杭州凯喜雅房地产开发有限公司,404,45443.82,378,41118.72,15,3011.08,0,0,375,40825.29,375,40825.29,24993,20090113#20090121#,2
2582,绿城西子・田园牧歌,拱墅区,"住宅,其他",杭州绿城北盛置业有限公司,695,68785.81,642,62208.76,313,24328.15,282,20461.41,360,41747.35,360,41747.35,20590,20100134#,1
2565,绿城西子・紫兰公寓,拱墅区,"住宅,其他",杭州建墅置业有限公司,391,53410.17,351,49257.43,41,6004.37,41,6004.37,310,43253.06,310,43253.06,31394,20100063#20100081#,2
842,绿都大厦,上城区,"商业,办公,其他",杭州市房产经营有限公司,40,12364.03,0,0,37,9967.42,0,0,0,0,0,0,0,20080124#,1
4694,毛家桥公寓,西湖区,商业,杭州星辰房地产开发有限公司,44,3402.61,0,0,0,0,0,0,44,3402.61,0,0,16037,20080045#,1
702,美达・浅草名苑,江干区,住宅,美达集团有限公司,598,79638.71,579,77354.84,5,827.3,5,827.3,574,76527.54,574,76527.54,7653,20060013#20060016#20060017#20060031#20060032#20060099#20070130#20070131#,8
4675,美达・天成嘉苑,江干区,"住宅,商业,其他",浙江美达房地产集团有限公司,407,47602.68,394,44763.47,0,0,0,0,402,46987.18,394,44763.47,8853,20040107#20040109#20050007#,3
4705,美都・雅苑,江干区,"商业,其他",杭州美都房地产开发有限公司,24,6704,0,0,14,5015.5,0,0,6,1197.21,0,0,13599,20100112#,1
643,美都广场,拱墅区,"商业,办公,其他",美都置业浙江有限公司,1016,66360.74,0,0,23,3967.55,0,0,956,59774.19,0,0,9613,20050109#20060104#20070022#,3
2571,名城・湖左岸,下沙区,"住宅,其他",杭州新名城房地产开发有限公司,713,81273.07,692,77115.75,277,33324.61,262,30212.83,428,46723.77,428,46723.77,17903,20103030#20103034#20103035#,3
839,名城・燕园,拱墅区,"住宅,商业,其他",杭州名城左岸房地产开发有限公司,804,81532.54,750,75681.73,10,1782.48,1,156.21,785,78856.44,749,75525.52,17622,20080114#20090009#20090012#20090039#20090143#,5
767,名城・左邻右舍,江干区,住宅,杭州名城房地产开发有限公司,965,120883.71,848,88786.12,2,23714.05,0,0,955,96117.65,848,88786.12,11920,20070121#20070122#20080004#20080094#,4
4697,铭和苑,下沙区,"商业,其他",杭州铭雅铭和苑房地产开发有限公司,133,25942.41,0,0,0,0,0,0,118,23728.92,0,0,9976,20083016#20093004#,2
616,南北・兰韵天城,西湖区,住宅,浙江新南北投资置业集团有限公司,682,97758.21,635,84981.8,27,4659.6,19,2554.3,629,86169.59,616,82427.5,6661,20050057#20050066#20050110#,3
862,南北・西岸,拱墅区,"住宅,商业,其他",杭州盛德房地产开发有限公司,1027,100229.7,998,96817.79,41,4609.7,41,4609.7,980,94462.4,957,92208.09,15229,20080098#20080150#20090031#20090087#20090088#,5
644,南肖埠・北景东苑,江干区,"住宅,办公",杭州滨江房屋建设开发公司,36,4265.77,24,2694.7,0,0,0,0,34,4219.99,24,2694.7,8938,20050111#,1
650,南肖埠・御景苑,江干区,住宅,杭州滨江房屋建设开发有限公司,449,56846.04,434,53831.25,1,259.87,0,0,412,52508.76,405,50730.55,10544,20050119#,1
565,平安居,下城区,"住宅,商业",杭州下城房地产开发经营有限公司,125,21854.53,112,14619.78,1,46.4,0,0,123,19685.13,112,14619.78,13940,20040086#,1
660,平海・国际商务大厦,上城区,商业,杭州商宇房地产开发有限公司,105,22071.6,0,0,0,0,0,0,91,16857.07,0,0,13524,20060018#20070009#20080040#,3
552,钱江・彩虹城,滨江区,商业,浙江钱江房地产开发实业有限公司,1965,290024.77,1888,276354.65,10,1631.53,7,1230.3,1667,240992.42,1667,240992.42,8066,20044006#20054029#20064014#20074005#20074016#20084024#,6
1359,钱江・彩虹豪庭,滨江区,住宅,浙江钱江房地产集团有限公司,603,110758.77,600,93914.6,262,29046.19,262,29046.19,338,64868.41,338,64868.41,24970,20094018#20094023#20094043#20104010#,4
2528,钱江・水晶城,滨江区,"住宅,其他",浙江钱江通源房地产开发有限公司,1369,144148.04,1273,129371.09,69,7648.36,58,5581.54,1252,129287.57,1215,123789.55,17047,20084014#20094031#20094056#,3
781,钱江国际商务中心,上城区,"商业,办公,其他",杭州休士卡纳房产开发有限公司,444,40899.24,0,0,0,0,0,0,438,32803.48,0,0,13292,20080009#,1
506,钱江湾花园,滨江区,商业,杭州钱江湾花园房地产开发有限公司,1010,133845.97,927,123473.13,2,405.35,2,405.35,983,129042.99,900,118670.15,6087,20044004#20044015#20044016#20084007#,4
1021,钱龙大厦,滨江区,"商业,办公,其他",杭州钱龙置业有限公司,492,49639.4,0,0,22,1326.08,0,0,466,35319.72,0,0,12615,20094045#,1
755,钱塘・蓝鲸国际,江干区,"商业,办公",钱塘房产集团有限公司,56,29148.64,0,0,0,0,0,0,53,28314.65,0,0,15000,20070079#,1
635,钱塘・沁园,江干区,住宅,钱塘房产集团有限公司,87,11598.96,87,11598.96,0,0,0,0,87,11598.96,87,11598.96,9299,20040064#,1
634,钱塘・沁园雅舍,江干区,"商业,其他",钱塘房产集团有限公司,38,5041.71,0,0,0,0,0,0,13,3046.41,0,0,14558,20050006#,1
2569,钱塘・梧桐燕庐,之江区,住宅,杭州梧桐置业有限公司,619,63795.38,590,60668.79,337,36252.27,337,36252.27,246,23611.72,246,23611.72,18635,20105010#20105011#20105014#20105015#20115001#,5
637,钱塘雅苑,上城区,住宅,杭州兴湖房地产开发有限公司,237,40458.35,221,36940.84,0,0,0,0,162,26901.17,162,26901.17,9800,20050091#20050092#20060149#,3
568,浅水湾城市花园,拱墅区,"住宅,其他",浙江中联房地产开发有限公司,415,61453.19,391,58860.61,0,0,0,0,386,58168.87,386,58168.87,10569,20040089#20050089#20060036#,3
742,清泰南苑,上城区,"住宅,商业,其他",杭州之江房地产开发有限公司,366,44995.96,328,38561.71,13,1963.99,2,264.62,242,32474.45,240,31966.9,11503,20070047#,1
4677,清雅苑,下沙区,商业,杭州北方房地产开发公司,97,18407.18,0,0,2,561.48,0,0,56,5978.9,0,0,7605,20063009#20083009#,2
870,秋涛雅苑,江干区,"住宅,商业",浙江省建筑房地产开发公司,316,34818.94,301,32617.05,4,685.64,0,0,307,33594.58,301,32617.05,11393,20080164#,1
1161,荣邦・水岸莲花公寓,西湖区,"住宅,商业,办公,其他",浙江荣邦房地产开发有限公司,123,39361.26,53,17666.12,10,3236.32,10,3236.32,6,1393.83,2,614.45,23490,20100011#,1
1221,瑞丰格林苑,上城区,"商业,其他",杭州中铁杭萧房地产开发有限公司,279,24699.32,84,12589.27,0,0,0,0,275,24270.76,84,12589.27,13195,20040054#20040097#20060012#,3
721,瑞立・中央花城,滨江区,"住宅,商业,其他",杭州瑞立房地产开发有限公司,1336,165964.03,1267,159736.7,0,0,0,0,1325,163925.74,1267,159736.7,8187,20064015#20064020#20064028#20074008#,4
2547,润和・信雅达国际,滨江区,"商业,办公,其他",杭州信雅达置业有限公司,430,118840.68,0,0,67,13652.11,0,0,257,68535.09,0,0,12820,20094059#,1
696,润和・亿城嘉园,下城区,"住宅,商业,其他",浙江亿城置业有限公司,755,130567.74,680,87746.64,10,1145.81,0,0,734,93095.46,680,87746.64,7405,20060084#20060117#20060146#20070068#20070115#,5
991,润和・亿城雅苑,下城区,"住宅,商业,其他",浙江屹立置业有限公司,396,35065.48,356,30976.51,12,969.44,8,695.96,376,33001.83,348,30280.55,12462,20090082#20090102#20090123#20090149#,4
647,润和・紫庭花园,下城区,住宅,浙江农发房地产开发有限公司,437,73707.61,405,63513.5,0,0,0,0,424,68080.47,405,63513.5,12060,20050038#20050054#20050058#20070101#,4
2568,赛丽绿城・丽园,上城区,"商业,其他",杭州赛丽绿城置业有限公司,314,47698.93,288,43442.13,97,15638.54,93,14445.31,206,30928.69,195,28996.82,45178,20100070#20100104#,2
715,三墩美都公寓,西湖区,"住宅,商业,办公,其他",杭州美都投资开发有限公司,70,5900.71,60,5132.48,0,0,0,0,60,5088.85,57,4863.65,7462,20060136#,1
611,三墩颐景园,西湖区,商业,杭州三盛颐景园房地产有限公司,983,129950.39,920,113789,1,241.25,0,0,925,114389.07,920,113789,6441,20050052#20050071#20050099#20050104#20060030#20060072#20060108#20060121#20060129#20060138#,10
553,三华・天运花园,江干区,"住宅,其他",杭州三华园房地产开发有限公司,1413,207066.04,1312,151507.82,0,0,0,0,1392,204125.78,1312,151507.82,8295,20040025#20050047#20050081#20070018#20070045#20070057#20080008#,7
1217,三里家园,下城区,商业,杭州三里亭经济房开发有限公司,24,1102.08,0,0,6,390.96,0,0,18,711.12,0,0,14481,20100054#,1
744,三塘樱园,下城区,商业,杭州市居住区发展中心有限公司,23,1665.04,0,0,1,58.92,0,0,20,1372.8,0,0,13232,20070056#,1
2584,商博・东城印象,江干区,商业,浙江商博置业有限公司,275,35952.54,243,30744.43,111,17374.6,89,13004.04,153,17609,153,17609,26925,20110003#20110004#,2
656,商宇・青春都市公寓,江干区,商业,杭州商宇房地产开发有限公司,183,21820.52,162,19954.34,0,0,0,0,173,20706.52,162,19954.34,10709,20060006#20070136#,2
575,商宇・清怡花苑,上城区,"住宅,商业",杭州商宇房地产开发有限公司,243,38188,218,35460.93,0,0,0,0,218,35460.93,218,35460.93,9583,20040066#,1
645,神州・白云大厦,江干区,"商业,办公,其他",杭州神州房地产开发有限公司,126,16623.35,0,0,4,1742.18,0,0,112,12294.33,0,0,8656,20050112#,1
2555,圣奥・领寓,江干区,"住宅,商业,其他",杭州东顺房地产有限公司,64,9482.46,46,6230,47,6641.87,41,5571.64,11,1738.35,4,528.08,21781,20100018#,1
1311,圣奥中央商务大厦,江干区,"商业,办公,其他",浙江圣奥置业有限公司,174,66955.83,0,0,56,22362.09,0,0,86,20573.59,0,0,25741,20100073#,1
681,盛德欣苑,拱墅区,住宅,杭州盛德房地产开发有限公司,267,31442.37,259,30607.54,1,317.97,0,0,211,25043.64,211,25043.64,8061,20060044#20060058#20060092#,3
1436,盛泰・名都中心,下沙区,"住宅,商业,其他",浙江盛泰房地产开发有限公司,1024,138459,528,55050.5,422,37059.14,120,17190.03,584,46956.36,408,37860.47,16566,20093028#20093029#20103032#,3
683,盛元・慧谷,滨江区,"住宅,商业,其他",杭州新盛元房地产开发有限公司,1338,189180.07,1256,179010.64,9,2205.67,7,1927.5,1249,177083.14,1249,177083.14,8792,20064006#20064011#20074007#,3
663,世纪・梧桐公寓,西湖区,"住宅,其他",杭州时代房地产开发有限责任公司,428,65847.96,385,46512.54,2,2297.39,1,153.65,409,49761.37,384,46358.89,14438,20060022#20060054#20060133#20110056#,4
519,世纪新城,西湖区,住宅,杭州星辰房地产开发有限公司,779,106467.48,735,100943.13,0,0,0,0,773,105457.89,735,100943.13,9292,20040006#20040033#20040111#,3
2577,世茂・江滨Cosmo,下沙区,"商业,其他",杭州世茂世纪置业有限公司,2192,137428.65,0,0,733,46999.79,0,0,1443,87429.59,0,0,11880,20103040#20113002#,2
1398,世茂・江滨花园,下沙区,住宅,杭州世茂置业有限公司,4608,598297.61,4539,585893,482,107332.57,476,104185.56,4072,484407.94,4052,479965.29,10472,20083005#20083006#20083008#20083017#20093021#20103001#20103003#20103005#20103012#20103013#20103018#20103024#20103026#20103041#20113006#,15
890,世贸丽晶城,西湖区,住宅,浙江火炬置业发展有限公司,1870,264132.8,805,95653.84,0,0,0,0,1242,182879.55,522,62656.16,17584,20040023#20040091#20050060#20050077#20060100#20060142#20080060#,7
614,水岸帝景公寓,江干区,"住宅,其他",杭州新紫云房地产开发有限公司,356,53037,340,51609.99,0,0,0,0,342,51896.25,340,51609.99,19901,20050036#,1
821,水澄大厦,上城区,"商业,办公,其他",浙江电力房地产开发有限责任公司,151,35676.64,0,0,0,0,0,0,144,33348.33,0,0,11456,20080076#,1
989,水晶湾城市雅苑,滨江区,"住宅,商业,其他",杭州兴汇房地产开发有限公司,114,12767.2,100,8188.54,0,0,0,0,109,9533.15,100,8188.54,13371,20094028#,1
609,顺发・倾城之恋花园,滨江区,商业,杭州和美房地产开发有限公司,1570,230412.22,1499,204283.91,12,4622.09,2,692.1,1543,223966.55,1494,203213.32,7637,20054019#20054025#20054031#20054039#20064018#20084018#,6
751,四季名门城市公寓,下沙区,"住宅,商业,其他",杭州福霖房地产开发有限公司,187,22697.65,158,19308.7,0,0,0,0,181,22372.13,156,19297.51,6896,20073009#,1
525,四季星座大厦,上城区,"商业,办公,其他",杭州市房屋建设开发总公司,304,23469.84,0,0,0,0,0,0,290,22480.11,0,0,8042,20040039#,1
905,宋都・采荷嘉业,江干区,"商业,办公,其他",杭州宋都房地产集团有限公司,12,8030.2,0,0,0,0,0,0,8,7827.79,0,0,7106,20080061#,1
895,宋都・采荷人家,江干区,办公,杭州宋都房地产集团有限公司,511,73545.4,503,72271.3,5,132.65,0,0,503,72271.3,503,72271.3,8971,20040010#20090011#,2
2587,宋都・晨光国际花园,下沙区,"住宅,商业",杭州恒都房地产开发有限公司,649,63125.05,634,60249.85,432,42906.43,419,40430.23,212,19503.72,212,19503.72,14267,20113007#20113015#20113034#,3
707,宋都・水湘苑,江干区,其他,杭州宋都房地产集团有限公司,37,910.6,0,0,4,81.94,0,0,29,722.38,0,0,6978,20060113#,1
900,宋都・新城国际花园,江干区,商业,杭州宋都房地产有限公司,790,124897.15,740,119082.81,7,1571.61,2,408.93,761,121604.01,738,118673.88,11464,20060019#20060020#20060050#20060051#20060093#20060096#20070001#20070002#20070003#20070076#,10
1356,宋都・阳光国际花园,江干区,"住宅,商业,其他",浙江东霖房地产开发有限公司,1464,172822.25,1403,158205.17,299,52327.82,275,46136.06,1125,111739.08,1125,111739.08,19753,20090032#20090111#20090126#20090135#20090147#20100079#20100087#,7
2570,宋都・阳光景台,江干区,"住宅,商业,其他",浙江亚西亚房地产开发有限公司,300,32107.83,286,30126.56,97,11542.92,97,11542.92,91,9335.45,91,9335.45,18353,20100084#,1
2553,泰地・北上新城,下城区,"商业,办公",杭州泰地置业有限公司,1629,93565.86,0,0,564,33772.54,0,0,1054,58716.47,0,0,11796,20100015#,1
601,泰地・万新大厦,上城区,办公,杭州万通房地产开发有限公司,543,61842.01,0,0,2,96.1,0,0,515,57177.42,0,0,13686,20050018#20070140#,2
598,天河西苑,西湖区,"商业,其他",浙江省天河房地产联合发展公司,248,23472.42,134,17806.75,4,179.46,0,0,168,19893.53,134,17806.75,8335,20050028#20060002#,2
1060,天恒大厦,滨江区,"商业,办公,其他",杭州宏?置业有限公司,160,51696.55,0,0,56,18006.46,0,0,99,21646.35,0,0,15985,20094057#,1
1237,天鸿・君邑,滨江区,住宅,杭州东润房地产开发有限公司,1149,117985.15,843,90410.52,55,12820.88,12,2648.75,1085,103588.44,831,87761.77,12299,20084027#20094010#20094011#20094035#20104009#,5
3871,天湖・文溪鼎园,西湖区,"住宅,商业",浙江天湖房地产开发有限公司,121,11151.28,100,8676.56,35,3016.32,35,3016.32,63,5506.38,63,5506.38,26423,20110034#,1
1241,天阳・观筑,江干区,住宅,杭州天联置业有限公司,944,88192.46,926,86241.49,32,4952.41,28,4769.01,897,81383.31,897,81383.31,10058,20090033#20090044#20090068#20090081#20090108#20100007#20100022#,7
1814,天阳・九筑,江干区,"住宅,商业,其他",杭州天联置业有限公司,943,89213.49,840,81948.26,540,53528.34,455,47923.39,383,33861.41,383,33861.41,17827,20100133#20110013#20110054#,3
709,天阳・美林湾,拱墅区,商业,杭州祥瑞置业有限公司,1212,127005.41,1120,119120.19,5,652.03,2,209.16,1162,122282.15,1114,118389.89,7190,20050067#20050097#20060021#20060037#20060085#20060123#20060124#20080037#20080162#,9
802,天阳・上河湾,拱墅区,住宅,杭州天瑞置业有限公司,674,68068.2,648,64723.26,20,3342.8,11,2287.27,648,63216.47,637,62435.99,15327,20080046#20080126#,2
834,天亿大厦,西湖区,"商业,其他",杭州天亿商城实业有限公司,100,80280.43,0,0,2,437.52,0,0,91,18875.28,0,0,10281,20080100#,1
772,天元・西溪锋尚苑,西湖区,办公,杭州天元世纪置业有限公司,668,45677.35,0,0,7,1004.66,0,0,654,43850.35,0,0,10157,20070137#20070139#,2
638,天元公寓,下沙区,其他,杭州万行置业有限公司,707,81242.34,568,71671.36,1,187.76,0,0,688,78195.26,568,71671.36,4724,20053003#20063001#20113024#,3
508,通策・和睦院,拱墅区,"住宅,其他",杭州西湖城建开发有限公司,539,51022.81,213,23989.91,13,466.58,0,0,447,32886.44,185,21242.05,7807,20040013#20040060#20060029#20060157#,4
556,通策・钱江时代公寓,上城区,"住宅,其他",杭州闽信房地产开发有限公司,822,125116.24,799,121389.49,22,5467.82,8,2973.89,786,116308.3,786,116308.3,10684,20040076#,1
536,通策广场,滨江区,商业,浙江联发房地产实业有限公司,294,42729.56,0,0,2,93,0,0,291,42461.14,0,0,8019,20044011#20084006#,2
523,通和・都市枫林公寓,下城区,住宅,杭州通和房地产开发有限公司,1647,188391.47,1503,170560.13,2,230.87,2,230.87,1628,183745.07,1501,170329.26,6285,20040036#20040106#20040110#20050013#20050016#20050037#,6
984,通润银座,上城区,"商业,办公",杭州南都佑圣房地产开发有限公司,329,20251.33,0,0,3,149.9,0,0,325,20016.55,0,0,26499,20090062#,1
521,同方・超级星期天,滨江区,"住宅,商业,其他",浙江省城乡建设开发总公司,740,35112.07,352,19924.32,1,40.05,0,0,711,33856.66,352,19924.32,6291,20044010#,1
1020,同方・国际大厦,江干区,"商业,办公,其他",浙江中发工业品贸易中心有限公司,659,47433.41,0,0,44,1910.91,0,0,549,23703.39,0,0,20232,20090106#,1
600,同人・春江时代花园,滨江区,住宅,浙江同人置业有限公司,851,145709.36,801,130506.59,7,1634.53,1,155.61,812,136892.35,791,129054.35,9424,20054012#20054014#20054017#20054036#20064021#20074010#20084013#,7
769,万均・九月庭院,江干区,住宅,浙江万均置业有限公司,1007,127268.98,992,124775.18,68,8870.47,55,7065.11,937,117710.07,937,117710.07,10847,20070129#20080043#20090038#20090056#20090120#,5
2585,万科・草庄,江干区,住宅,杭州万科郡园置业有限公司,235,34309.64,215,32175.3,181,24808.15,171,23303.27,43,8743.1,42,8694.34,30662,20110009#,1
791,万科・金色城品,上城区,"办公,其他",杭州南都佑圣房地产开发有限公司,215,17644.28,0,0,2,4468.04,0,0,211,13077.64,0,0,19118,20080024#,1
737,万科・魅力之城,江干区,"住宅,商业,其他",杭州万科置业有限公司,1826,187270.65,1778,181402.92,0,0,0,0,1802,184839.42,1778,181402.92,9492,20070037#20070070#20070089#20070113#20080029#20080058#,6
774,万科・西溪蝶园,西湖区,住宅,杭州万坤置业有限公司,2427,425683.71,2374,344876.29,793,98004.01,788,96289.2,1580,247251,1573,246639.63,22358,20070142#20080087#20080151#20090034#20100061#20100083#20110007#20110017#,8
589,万科・逸天广场,滨江区,"商业,办公,其他",杭州银都置业有限公司,1272,172660.46,802,126922.71,4,671.75,4,671.75,1196,161480.62,771,121820.4,8667,20044023#20054030#20054034#20074025#20084002#20084037#,6
835,万象城・悦府,江干区,"住宅,其他",华润新鸿基房地产（杭州）有限公司,645,105350.59,625,102988.06,3,1588.28,3,1588.28,622,101399.78,622,101399.78,28003,20080104#,1
3790,万亚・金沙湖1号,下沙区,"商业,办公,其他",浙江万亚置业有限公司,783,48822.99,0,0,459,30350.81,0,0,314,17937.32,0,0,18715,20113014#20113029#,2
2529,万银国际大厦,江干区,"商业,办公,其他",杭州万银置业有限公司,336,88155.29,0,0,0,0,0,0,287,53723.35,0,0,17385,20080079#,1
888,万源绸庄,上城区,其他,杭州新惠房地产开发有限公司,3,5140.32,0,0,0,0,0,0,1,4341.14,0,0,29221,20090005#,1
584,温兴・风情苑,滨江区,"住宅,商业,其他",杭州温兴房地产开发有限公司,972,132490.32,917,127598.04,2,253.52,1,93,943,128080.65,905,125511.47,6474,20054001#20054002#20054007#20054008#20054009#20054016#20054018#20054027#20054037#20054040#,10
604,西房・锦绣江南,滨江区,住宅,杭州锦湖房地产开发有限公司,914,162325.45,885,155862.12,10,3234.46,1,184.58,883,155507.41,882,155327.56,8298,20054015#20054021#20064005#20064022#20074002#20074009#20084004#,7
1226,西房・云溪香山,之江区,住宅,杭州西景房地产开发有限公司,1212,162217.92,1151,156274.57,16,3722.07,16,3722.07,1162,154858.63,1134,152383.96,7613,20065002#20065003#20065005#20065006#20075001#20075002#20075005#20075006#20085002#20085003#20085006#,11
1240,西房・云溪印象,之江区,"商业,办公",杭州西景房地产开发有限公司,658,49885.13,137,17640.39,91,9699.59,0,0,554,39291.16,137,17640.39,11203,20085009#20095010#20105001#20105007#20105009#,5
745,西港发展中心,西湖区,"商业,办公",亿科置业(杭州)有限公司,431,72935.86,0,0,5,1367.87,0,0,407,69917.27,0,0,7449,20070058#20070073#20070074#20070075#20070105#20080119#20080120#,7
760,西湖8号公馆,上城区,"住宅,商业,办公,其他",浙江一通房地产开发有限公司,61,8431.65,52,8048.01,0,0,0,0,50,7689.25,45,7394.35,59961,20070104#,1
1120,西溪天堂悦居,西湖区,其他,杭州西溪投资发展有限公司,173,29791.24,0,0,45,8362.95,0,0,111,20277.55,0,0,39243,20090145#20090146#20100040#,3
718,西子・银马公寓,西湖区,"商业,办公,其他",浙江银马房地产开发有限公司,658,111179.03,633,101218.78,11,7743.34,6,1144.84,641,102017.35,627,100073.94,17896,20060089#20060090#20060141#20070093#20080015#,5
574,西子铭苑,下城区,"住宅,商业,办公,其他",杭州铭都房地产开发有限公司,467,55537.67,403,47950.96,0,0,0,0,284,38737.87,247,33950.16,15267,20040100#20080063#,2
2513,香溢・白金海岸,滨江区,住宅,浙江香溢置业股份有限公司,1630,231020.95,1540,220920.76,6,741.7,5,670.23,1557,221766.59,1499,215082.28,6545,20044008#20094021#,2
2516,香溢・大学苑,上城区,"住宅,商业,办公,其他",杭州香溢房地产开发有限公司,140,18301.79,118,14022.44,1,31.63,0,0,132,17692.95,118,14022.44,14070,20050021#,1
746,香溢德信・银树湾,拱墅区,"住宅,其他",浙江香溢德信置业有限公司,799,81557.93,748,76991.24,0,0,0,0,790,80628.97,748,76991.24,10138,20070059#20070099#20070148#,3
686,协安・景上公寓,拱墅区,"住宅,商业",浙江协安置业投资有限公司,564,66637.87,517,62690.29,0,0,0,0,552,64987.61,517,62690.29,10003,20060046#20060082#20070039#20080052#,4
530,协安・清水公寓,拱墅区,"住宅,其他",浙江世贸房地产开发有限公司,509,82172.15,472,71592.21,36,11115.04,20,4300.29,422,63623.06,417,62455.68,17073,20040040#20060034#20090140#,3
866,协安・上郡公寓,西湖区,住宅,杭州协安置业有限公司,704,67865.8,672,64114.04,9,755.64,8,634.26,689,66326.01,664,63479.78,12855,20080156#20090059#20090112#,3
2589,欣盛・东方福邸,拱墅区,"住宅,商业",杭州欣盛嘉业房地产开发有限公司,436,64669.51,403,57625.34,221,32247.53,197,26611.61,204,30678.87,204,30678.87,25218,20110023#20110047#,2
2532,欣盛・东方郡,滨江区,住宅,杭州欣盛宏业房地产开发有限公司,3284,328930.67,3158,306395.93,9,2558.11,3,560.85,3256,322033.91,3155,305835.08,15149,20084030#20084036#20094005#20094007#20094008#20094013#20094016#20094026#20094032#20094040#20094046#20094055#20094062#20104004#,14
714,欣盛・东方润园,江干区,"住宅,办公",杭州欣盛房地产开发有限公司,703,223359.09,697,222253.61,1,651.79,1,651.79,696,221601.82,696,221601.82,25766,20060101#20060102#20060153#20070043#20070077#20070107#20080041#,7
2531,新帝・朗郡,之江区,住宅,浙江新帝置业有限公司,1337,196451.68,1330,195596.22,213,48623.7,213,48623.7,1117,146972.52,1117,146972.52,14826,20085005#20095002#20095005#20095008#20095011#20105004#20105006#20105013#,8
4698,新江花园,江干区,商业,杭州新江花园房产开发有限公司,94,13125.17,0,0,0,0,0,0,94,13125.17,0,0,11623,20090049#,1
894,新青年广场,拱墅区,办公,杭州盛德房地产开发有限公司,880,65019.93,0,0,2,117.71,0,0,851,58427.41,0,0,9453,20050003#20050048#20050082#20070151#,4
860,新世界・柏悦轩,滨江区,"商业,办公,其他",杭州丽晶置业有限公司,457,47664.43,0,0,0,0,0,0,453,41587.2,0,0,9187,20084035#,1
1193,鑫亚・国际时代广场,江干区,"商业,办公,其他",浙江鑫亚建设投资开发有限公司,842,100931.7,0,0,117,28699.88,0,0,715,67436.58,0,0,28092,20100031#20100043#,2
741,兴盛花园,滨江区,"商业,办公",杭州三江房地产开发有限公司,23,1242.47,5,741.8,13,296.57,0,0,5,741.8,5,741.8,5745,20074006#20084016#,2
872,雪峰・水岸枫庭,上城区,"住宅,其他",杭州枫远房地产开发有限公司,330,59783.89,318,44354.78,4,949.99,4,949.99,314,43404.79,314,43404.79,26443,20080169#,1
1368,雅戈尔・西溪晴雪,西湖区,住宅,杭州雅戈尔置业有限公司,492,53184.18,476,52120.85,349,39936.51,349,39936.51,117,10952.82,117,10952.82,24190,20100016#20100077#20100093#,3
1434,雅戈尔・御西湖,西湖区,"住宅,商业,其他",杭州雅戈尔置业有限公司,406,52862.14,389,50826.58,81,11498.84,69,10093.43,317,40322,317,40322,40117,20100102#20100114#,2
680,阳光华城,下沙区,"住宅,商业",休斯顿投资管理（杭州）有限公司,598,62285.77,553,36983.53,0,0,0,0,584,60458.63,550,36837.01,6594,20063010#20073003#20073004#20073007#20083002#,5
727,耀华・湖滨阁,下城区,"商业,办公,其他",杭州环西房地产开发有限公司,13,2854.31,0,0,0,0,0,0,12,2838.3,0,0,30889,20070011#,1
814,耀华・湖滨阁,下城区,"住宅,商业,办公,其他",杭州环西房地产开发有限公司,121,19960.23,112,15604.89,0,0,0,0,92,13390.96,92,13390.96,36577,20080068#,1
731,耀江・环球中心,下城区,办公,浙江耀江文化广场投资开发有限公司,12,10154.51,0,0,3,2630.77,0,0,9,7523.74,0,0,12739,20070015#,1
626,耀江・文鼎苑,西湖区,住宅,杭州耀江文鼎苑开发有限公司,3346,400596.85,3259,385010.19,21,3762.85,11,1795.01,3268,387361.99,3223,379084.98,12176,20050068#20050079#20050087#20050088#20060155#20070044#20070091#20070092#20070112#20070145#20070146#20080053#20080062#,13
897,野风・海天城,下沙区,"商业,其他",杭州野风海天房地产开发有限公司,3128,389977.51,3050,365953.26,9,2103.28,7,1078.03,3061,371305.17,3035,364050.25,5621,20053007#20053009#20053010#20063003#20063014#20073006#20073011#20073012#20073017#20093001#20093003#20103002#20103036#,13
520,野风・现代家园,下城区,"住宅,商业,办公,其他",浙江野风时代发展有限公司,425,43720.28,375,39822.09,4,362.95,4,362.95,404,42124.76,365,38972.15,10555,20040035#,1
831,野风・现代景苑,下城区,住宅,野风集团房地产股份有限公司,866,106139.45,827,95490.39,3,311.53,3,311.53,830,97384.16,818,94717.11,17039,20080096#20080152#20090030#20090040#,4
2545,野风・现代之星,下城区,"商业,办公,其他",野风集团房地产股份有限公司,358,61979.79,0,0,37,4291.91,0,0,259,31603.98,0,0,24595,20090117#,1
544,野风・现代置业大厦,下城区,"商业,办公",浙江野风时代发展有限公司,260,34057.94,0,0,16,1594.92,0,0,224,27873.67,0,0,12617,20040058#,1
2523,宜・家时代,拱墅区,"商业,办公,其他",杭州绿园房地产开发有限公司,458,36826.13,0,0,0,0,0,0,450,36454.83,0,0,12691,20070110#,1
864,怡乐银座,下城区,办公,杭州怡和置业有限公司,246,32458.26,0,0,6,1748.26,0,0,227,27499.6,0,0,8895,20080154#,1
665,倚天・盛世钱塘花园,江干区,商业,杭州倚天置业有限公司,1248,182305.53,1175,174223.95,0,0,0,0,1242,181263.41,1175,174223.95,14163,20050051#20050059#20050116#20060040#20070087#20080011#20080141#20090010#,8
756,易构大厦,拱墅区,"商业,其他",杭州国强置业有限公司,636,47640.77,0,0,0,0,0,0,628,39044.8,0,0,8824,20070080#,1
2556,银丰・央座,滨江区,"商业,办公,其他",杭州银通置业有限公司,181,45026.28,0,0,37,16999.09,0,0,118,27626.33,0,0,16345,20104006#,1
807,银爵世纪公寓,滨江区,"住宅,商业,其他",杭州和润置业有限公司,742,83425.92,681,72530.84,0,0,0,0,730,82085.53,681,72530.84,9175,20084012#20084021#,2
539,银色港湾,滨江区,商业,杭州江畔人家房地产开发有限公司,186,12627.73,103,5916.41,0,0,0,0,183,12363.24,103,5916.41,7469,20044012#,1
841,银泰・海威国际,滨江区,住宅,杭州海威房地产开发有限公司,751,112887.54,740,111064.69,2,501.71,2,501.71,738,110562.98,738,110562.98,16082,20074026#20084026#,2
785,元都・新景公寓,下城区,"住宅,其他",杭州新源房地产开发有限公司,1251,129037.97,1144,113956.91,7,1287.08,0,0,1232,126142.51,1144,113956.91,8428,20080014#20080085#20080157#20090061#20090086#,5
1183,元都・新苑,下城区,"住宅,商业",杭州元都房地产开发有限公司,432,43405.68,392,38455.65,233,23867.19,207,20412.22,186,18234.38,183,17866.51,14910,20100017#20100094#,2
747,元丰・钛合国际,下城区,"商业,其他",浙江元丰房地产开发有限公司,546,47722.73,0,0,5,991.29,0,0,498,37981.3,0,0,16818,20070063#,1
543,元华・旺座中心,江干区,"商业,办公",杭州元华商务大厦建设有限公司,114,41637.3,0,0,12,3998.53,0,0,99,37118.94,0,0,10018,20040002#,1
699,元茂大厦,西湖区,"商业,办公,其他",浙江经济房开发建设有限公司,284,42716.28,0,0,0,0,0,0,246,26438.16,0,0,9473,20060095#,1
2544,原筑壹号,江干区,住宅,杭州东润世纪置业有限公司,1291,181414.8,586,54150.76,606,58919.36,10,969.7,662,63350.38,576,53181.06,16977,20090118#20090124#20100032#20100048#20110008#20110052#,6
2518,圆梦园・锦江南苑,江干区,其他,浙江亚西亚房地产开发有限公司,208,27783.65,204,27438.8,0,0,0,0,204,27438.8,204,27438.8,5403,20050029#,1
545,远东・新月公寓,拱墅区,住宅,杭州远东房地产开发公司,107,8122.16,98,7126.27,0,0,0,0,103,7400.87,98,7126.27,9653,20040061#,1
703,远境・浮力森林苑,滨江区,住宅,杭州远境置业有限公司,79,11315.32,75,11162.81,0,0,0,0,74,10978.17,74,10978.17,8356,20064023#20064029#20084025#,3
1974,远洋・杭州大运河商务区,拱墅区,"住宅,其他",杭州远洋天祺置业有限公司,1325,140476.68,1299,135419.61,341,36485.19,333,34830.32,973,100781.53,961,99850.6,34693,20100019#20100080#20100099#20100122#20110018#20110043#,6
684,越都大厦,下城区,"商业,办公",杭州市市政房地产开发有限公司,147,34705.29,0,0,2,205.88,0,0,117,25120.27,0,0,17230,20040079#,1
827,云龙・十一景名邸,下城区,"住宅,商业,其他",杭州云龙房地产开发有限公司,261,36340.39,168,23639.4,1,627.68,0,0,235,27473.69,168,23639.4,25876,20080088#,1
988,云厦・连园,滨江区,"住宅,商业,其他",浙江云厦集团有限公司,749,72079.13,659,64791.98,55,5530.61,28,3559.53,662,63389.01,629,61057.1,12512,20084031#20094012#20094027#,3
1222,赞成・林风,上城区,住宅,杭州金源房地产开发有限公司,1169,167748.72,1122,161015.14,4,760.11,1,88.98,1134,163759,1121,160926.16,12765,20050046#20050049#20050075#20050094#20060097#20070149#20080128#20090077#20110050#,9
2536,赞成・岭上,之江区,住宅,杭州金溢房地产开发有限公司,269,41066.62,258,40208.91,2,161.93,0,0,263,40283.93,257,39979.28,9562,20085007#20095003#,2
2530,赞成・太和广场,上城区,"商业,办公,其他",杭州金澎房地产开发有限公司,160,76977.14,0,0,0,0,0,0,152,52437.83,0,0,14402,20080097#,1
775,浙欧・尊宝大厦,江干区,"办公,其他",浙江浙欧置业有限公司,676,156541.1,0,0,33,3275.16,0,0,519,66347.57,0,0,13782,20070144#,1
1127,浙商时代大厦,拱墅区,"商业,办公,其他",浙江时代大厦有限公司,115,46183.99,0,0,0,0,0,0,112,38106.58,0,0,23529,20080125#20080177#,2
993,正达・紫源公寓,上城区,"住宅,其他",杭州正鸿置业有限公司,60,9061.95,57,8945.28,1,230.86,1,230.86,55,8544.34,55,8544.34,25722,20090090#20090141#,2
837,正中・尚品庭院,拱墅区,"商业,办公,其他",杭州正中置业有限公司,385,35710.38,193,19883.27,4,525.6,0,0,374,32488.4,193,19883.27,14436,20070153#20080106#,2
740,之江铭楼,下沙区,商业,杭州久恒置业投资有限公司,413,25266.46,0,0,0,0,0,0,289,14894.63,0,0,8953,20073005#20073014#,2
2560,中奥・江锦国际,滨江区,"商业,办公,其他",杭州中奥房产置业有限公司,439,29488.99,0,0,239,16934.52,0,0,188,10418.04,0,0,22506,20104007#,1
676,中冠・现代印象广场,滨江区,其他,杭州英冠房地产开发有限公司,1057,74714.92,0,0,4,462.32,0,0,775,43879.14,0,0,8759,20064004#20074022#20094001#,3
867,中海・金溪园,西湖区,"住宅,其他",中海发展（杭州）有限公司,563,60196.41,558,59099.53,3,611.46,3,611.46,555,58488.07,555,58488.07,12520,20080158#20090047#20090063#,3
1453,中海・钱塘山水,滨江区,"住宅,其他",杭州中海房地产有限公司,1106,118980.62,1070,116084,22,1003.21,0,0,1056,114848.1,1056,114848.1,13115,20084017#20084029#20094004#20094009#20104013#,5
1490,中海・紫藤苑,西湖区,"住宅,其他",中海地产（杭州）有限公司,1268,124028.54,1229,120943.23,100,9898.48,100,9898.48,1147,111933.58,1128,110955.83,15271,20100115#20100123#20110027#20110036#,4
2542,中海雅戈尔・篁外,之江区,住宅,杭州中海雅戈尔房地产有限公司,1250,146031.61,1232,143155.46,505,58129.69,505,58129.69,722,84545.06,722,84545.06,18687,20095009#20105002#20105003#20105008#20105012#,5
583,中豪・晴园,西湖区,"商业,其他",杭州中豪置业有限公司,341,48374.74,290,39395.23,0,0,0,0,311,43360.8,290,39395.23,12125,20050009#20070005#,2
2551,中华・钱塘航空大厦,江干区,"办公,其他",浙江一统实业有限公司,730,139627.97,0,0,260,42281.13,0,0,423,49525.36,0,0,19810,20100005#,1
1568,中凯・东方红街,江干区,"住宅,商业",杭州中江置业有限公司,3099,260340.49,1712,177703.93,406,26515.24,7,678.21,2458,214625.01,1705,177025.72,18250,20080077#20080146#20090037#20090076#20090083#20090084#20090093#20100136#20110005#,9
717,中联大厦,拱墅区,"商业,办公,其他",浙江中联房地产开发有限公司,201,26721.45,0,0,2,3358.59,0,0,186,21451.76,0,0,12001,20060137#,1
2493,中庆・第6大道,下沙区,"住宅,商业",杭州中庆房地产发展有限公司,1171,78706.53,0,0,12,612.05,0,0,1057,72510.07,0,0,5871,20073010#20073013#,2
693,中庆・好望角,上城区,商业,杭州中庆置业有限公司,15,1213.45,0,0,0,0,0,0,15,1213.45,0,0,14036,20060071#,1
1224,中山花园,下城区,办公,杭州中山房地产开发有限公司,473,68173.88,425,60405.24,4,481.19,0,0,452,64535.52,425,60405.24,20177,20040012#20050078#20080042#,3
1437,中顺・上尚庭,拱墅区,"住宅,商业,其他",杭州中顺房地产开发有限公司,470,48691.86,423,40997.68,99,9701.73,99,9701.73,323,31223.5,323,31223.5,23898,20100116#20110033#,2
997,中兴・和园,滨江区,住宅,杭州中投置业有限公司,1220,132381.78,1191,128459.51,51,8571.71,35,6083.34,1156,122376.17,1156,122376.17,10266,20084005#20084022#20094036#20094041#20094049#20094058#,6
540,中兴・景城花园,西湖区,住宅,杭州中兴房地产开发有限公司,78,10356.24,78,10356.24,0,0,0,0,78,10356.24,78,10356.24,9136,20040053#,1
874,中兴・九洲芳园,江干区,"住宅,商业,办公,其他",杭州中兴景江房地产开发有限公司,791,84197.86,730,76775.54,57,7463.75,10,1117.03,720,75658.51,720,75658.51,9479,20080170#20090013#20090022#20090045#,4
724,紫晶商务城,江干区,"商业,办公",紫晶置业有限公司,866,49128.09,0,0,1,54.8,0,0,770,35400.11,0,0,15261,20060087#,1
2567,紫玉公馆,江干区,"住宅,其他",浙江汇元房地产开发有限公司,206,30777.65,118,12855.68,14,2112.67,5,569.96,185,28341.8,113,12285.72,33828,20100069#,1
697,紫园,江干区,住宅,浙江紫元房地产开发有限公司,120,13627.42,107,12392.82,0,0,0,0,115,13413.92,107,12392.82,11529,20060086#,1
